11085052;Abbaye_Saint-Paul_de_Cormery;Géographie Histoire Culture&Religion
1210952;Abbaye_Saint-Victor_de_Marseille;Géographie Histoire Culture&Religion
3906668;Accident_sur_la_base_de_Fairchild_en_1994;Géographie Histoire
354236;Mont_Adams;Géographie Science
37121;Aix-les-Bains;Géographie
4876054;Alauna;Géographie Histoire
1206268;Amphithéâtre_d'El_Jem;Géographie Histoire
1206232;Amphithéâtre_de_Tours;Géographie Histoire
7990;Angers;Géographie Histoire Culture&Religion
4273860;Annecy;Géographie
54705;Antony;Géographie
8571947;Aqueduc_de_Fontenay;Géographie Histoire
6686794;Aqueduc_de_Luynes;Géographie Histoire
760587;Monastère_d'Arkadi;Géographie Histoire Culture&Religion
264848;Attentat_de_Lockerbie;Géographie Histoire
4577511;Babylone;Géographie Histoire
109796;Banja_Luka;Géographie
2710377;Base_sous-marine_de_Lorient;Géographie Histoire
1246380;Basilique_Saint-Quentin_de_Saint-Quentin;Géographie Histoire Culture&Religion
382934;Batz-sur-Mer;Géographie
70864;La_Baule-Escoublac;Géographie
8901;Bayonne;Géographie
3145137;Béjaïa;Géographie
4247955;Belfort;Géographie
40382;Belgrade;Géographie
144995;Bergen_(Norvège);Géographie
8898;Besançon;Géographie
32573;Bibracte;Géographie Histoire
346228;Abbaye_de_Bonne-Espérance;Géographie Culture&Religion
13497;Brucourt;Géographie
897574;Bulla_Regia;Géographie Histoire
475573;Candé;Géographie
153665;Candes-Saint-Martin;Géographie
121963;Cap_Horn;Géographie
1544597;Carabane;Géographie
13138;Carcassonne;Géographie
138262;Cathédrale_Notre-Dame_de_Rouen;Géographie Histoire Culture&Religion
313154;Cathédrale_Notre-Dame-de-la-Treille;Géographie Histoire Culture&Religion
191696;Caudry;Géographie
3066765;Mont_Cayley;Géographie Science
489262;Centre_d'extermination_de_Bełżec;Géographie Histoire Culture&Religion
365886;Centre_d'extermination_de_Chełmno;Géographie Histoire Culture&Religion
848284;Abbaye_de_Chaalis;Géographie Histoire Culture&Religion
15526;Châlus;Géographie
9969;Chambéry;Géographie
72070;Chamonix-Mont-Blanc;Géographie Sport
72333;Chantilly;Géographie Histoire
300500;La_Chapelle-Saint-Mesmin;Géographie
149968;Abbaye_de_Cîteaux;Géographie Histoire Culture&Religion
554854;Clairegoutte;Géographie
6681484;Collégiale_Saint-Martin_de_Candes;Géographie Histoire Culture&Religion
510149;Complot_du_20_juillet_1944;Géographie Histoire
12969573;Concert_des_Beatles_sur_le_toit;Géographie
8966921;Crash_de_l'A320_de_Germanwings;Géographie
19119;Le_Croisic;Géographie
4165275;Djerba;Géographie
12210583;Église_Saint-François-Majeur;Géographie Culture&Religion
6303102;Église_Saint-Nazaire_de_Barbadell;Géographie Histoire Culture&Religion
6728564;Église_Sainte-Cécile_de_Cos;Géographie Histoire Culture&Religion
132950;Enghien-les-Bains;Géographie
128543;Erevan;Géographie
48703;Evere;Géographie
1865110;Exposition_universelle_de_1992;Géographie Histoire
7131864;Fais_(Micronésie);Géographie
17592;Fermanville;Géographie
85692;Fondettes;Géographie
1157576;Forêt_de_Chantilly;Géographie Science
3966862;Fort_de_Planoise;Géographie Histoire
8735446;Fortifications_de_la_Rhune_à_l'époque_contemporaine;Géographie Histoire
2687548;Mont_Garibaldi;Géographie Science
6307280;Géants_de_Mont-Prama;Géographie Art&Loisir
412050;Genillé;Géographie
225329;Gordes;Géographie
496693;Gotska_Sandön;Géographie Science
909234;Grande_Mosquée_de_Kairouan;Géographie Histoire Culture&Religion
4178410;Grasse;Géographie
63382;Guérande;Géographie
897517;Hatra;Géographie Histoire
415997;Abbaye_d'Hautecombe;Géographie Histoire Culture&Religion
1110726;Île_d'Or;Géographie
127586;Île_Jan_Mayen;Géographie Science
390387;Île_du_Levant;Géographie
392754;L'Isle-Adam;Géographie Histoire Culture&Religion
130423;Ispahan;Géographie
4539531;Mont_Jefferson_(Oregon);Géographie Science
3675024;Joseph_Priestley_House;Géographie Histoire Culture&Religion
382665;Mont_Kenya;Géographie Science
738720;Kīlauea;Géographie Science
128632;Kilimandjaro;Géographie Science Sport
111443;Krakatoa;Géographie Science
90128;La_Flèche;Géographie
1251605;Laboratoire_de_Bure;Géographie Science
99556;Lans-en-Vercors;Géographie Sport
1760201;Lauttasaari;Géographie
136248;Lescar;Géographie
321504;Levens;Géographie
8837;Limoges;Géographie
1118578;Lure;Géographie Histoire
121580;Massacre_de_Malmedy;Géographie Histoire
2000125;Massacre_de_Chios;Géographie Histoire
202924;Mauna_Kea;Géographie Science
221546;Mauna_Loa;Géographie Science
4006761;Mont_Mazama;Géographie Science
68463;Mende_(Lozère);Géographie
3073935;Mirapolis;Géographie
21408;Mons;Géographie
834117;Mont_Roraima;Géographie
107808;Mont_Ventoux;Géographie Sport
316371;Montchat;Géographie
412056;Montrésor;Géographie
255244;Monts_(Indre-et-Loire);Géographie
5332313;Mosaïque_des_chevaux_de_Carthage;Géographie Histoire
2822087;Mont_Nantai;Géographie Science Culture&Religion
3678433;Naufrage_du_Titanic;Géographie Histoire
68134;Naxos;Géographie Histoire
1341803;Néron_(Isère);Géographie
155470;Nimroud;Géographie Histoire
64281;Ninive;Géographie Histoire
3613298;Niuafoʻou;Géographie Science
10087824;Mont_Nyohō;Géographie Science
12254757;Oppidum_des_Châteliers;Géographie Histoire
838960;Parc_du_Thabor;Géographie Science
8899;Pau;Géographie
41248;Périgueux;Géographie
305988;Pic_du_Midi_d'Ossau;Géographie
8769226;Pikelot;Géographie
12248883;Pilier_d'Yzeures-sur-Creuse;Géographie Histoire Art&Loisir
473808;Le_Pin_(Loire-Atlantique);Géographie
3957125;Ploërmel;Géographie
1094509;Pont_du_Forth;Géographie
3432562;Pont_George-V;Géographie Histoire
1957923;Port-Royal_des_Champs;Géographie Histoire Culture&Religion
19058;Prague;Géographie
11860895;Prieuré_du_Louroux;Géographie Histoire Culture&Religion
206991;Primatiale_Saint-Jean_de_Lyon;Géographie Histoire Culture&Religion
254441;Puncak_Jaya;Géographie
1134826;Québec;Géographie
446424;Basilique_Saint-Sauveur_de_Rennes;Géographie Histoire Culture&Religion
326865;Rimogne;Géographie
66296;Roissy-en-France;Géographie
555513;Ronchamp;Géographie
72568;Rotterdam;Géographie
106946;Royan;Géographie
13942999;Rue_du_Pré-de-la-Bataille;Géographie
12441503;Sac_de_Dinant_(1914);Géographie Histoire
56154;Sagrada_Família;Géographie Histoire Culture&Religion Art&Loisir
30306;Sardaigne;Géographie
191016;Sare;Géographie
115842;Sélestat;Géographie
1047525;Forêt_nationale_de_Shoshone;Géographie Science
548151;Site_archéologique_de_Cherré;Géographie Histoire
861510;Skellig_Michael;Géographie Science Culture&Religion
128678;Skopje;Géographie
2894;Strasbourg;Géographie Histoire
410328;Surtsey;Géographie Science
761000;Vol_Swissair_111;Géographie Histoire
1545196;Synagogue_de_Besançon;Géographie Histoire Culture&Religion
75061;Téhéran;Géographie
616861;Teide;Géographie Science
8484075;Temple_gallo-romain_de_Tours;Géographie Histoire
14405438;Théâtre_antique_d'Alauna;Géographie Histoire
14418911;Thermes_antiques_d'Alauna;Géographie Histoire
9455484;Tasciaca;Géographie Histoire
405309;Three_Sisters_(Oregon);Géographie Science
153881;Tivoli;Géographie
62913;Tōdai-ji;Géographie Culture&Religion
2996;Toulouse;Géographie Histoire
56291;Le_Touquet-Paris-Plage;Géographie Art&Loisir
79996;Tozeur;Géographie
4791751;Trésor_de_Hoxne;Géographie Histoire
962149;Tunis;Géographie
6984680;Upper_et_Lower_Table_Rocks;Géographie Science
95128;Ur_(Mésopotamie);Géographie Histoire
3573284;Vol_US_Airways_1549;Géographie Histoire
905643;Gare_du_Val_d'Or;Géographie
86835;Val_sans_retour;Géographie Science Histoire Culture&Religion
2764705;Viaduc_de_Millau;Géographie
402280;Villeloin-Coulangé;Géographie
19546;Vitry-le-François;Géographie Histoire
60614;Amphipolis;Géographie Histoire
3028510;Antarctique;Géographie
107133;Authie_(fleuve);Géographie
77320;Baltimore;Géographie
1717267;Bèze_(rivière);Géographie
135462;Bresle;Géographie
114815;Parc_national_de_Bryce_Canyon;Géographie Science
8079;Canal_du_Midi;Géographie Art&Loisir
494106;Réservoir_de_Caniapiscau;Géographie
7983763;Carança;Géographie
6106267;Réserve_naturelle_régionale_de_la_carrière_des_Nerviens;Géographie Science
304717;Chaîne_des_Cascades;Géographie
1318733;Chaîne_Transantarctique;Géographie
576;Chili;Géographie
201454;Columbia_(fleuve);Géographie
4870834;Cratères_de_Mono-Inyo;Géographie Science
15829;Danube;Géographie
12624;Denver;Géographie
436253;Dougga;Géographie Histoire
253954;Elbourz;Géographie
158800;Parc_national_des_Everglades;Géographie Science
5581835;Parc_national_de_Färnebofjärden;Géographie Science
1134;Floride;Géographie
1095;France;Géographie
972433;Parc_national_de_Fundy;Géographie Science
177819;Herculanum;Géographie Science Histoire
1507;Indonésie;Géographie
1786;Los_Angeles;Géographie
77479;Louisville_(Kentucky);Géographie
8644;Macédoine_du_Nord;Géographie Histoire
202600;Parc_national_de_Mammoth_Cave;Géographie Science
25928;Mer_de_Glace;Géographie Art&Loisir
7793;Mississippi_(fleuve);Géographie
234957;Nicopolis_d'Épire;Géographie Histoire
203542;Parc_national_Olympique;Géographie Science
203738;Parc_national_de_Glacier;Géographie Science
123173;Parc_national_de_Grand_Teton;Géographie Science
89572;Parc_national_de_Yellowstone;Géographie Science
156789;Parc_national_de_Zion;Géographie Science
204194;Parc_national_des_North_Cascades;Géographie Science
204193;Parc_national_du_mont_Rainier;Géographie Science
5975778;Passage_des_Alpes_par_Hannibal;Géographie Histoire
201856;Pella_(cité_antique);Géographie Histoire
102394;Persépolis;Géographie Histoire
5351;Pétra;Géographie Histoire
179506;Philippes;Géographie Histoire Culture&Religion
3987172;Pile_de_Cinq-Mars;Géographie Histoire
2098908;Réserve_naturelle_nationale_des_sagnes_de_La_Godivelle;Géographie Science
4375181;Parc_national_de_Sarek;Géographie Science
29258;Statue_de_la_Liberté;Géographie Histoire Culture&Religion Art&Loisir
4377652;Parc_national_de_Stora_Sjöfallet;Géographie Science
3027;Terre;Géographie Science
2949;Texas;Géographie Histoire
102448;Þingvellir;Géographie Science Histoire
3006;Tunisie;Géographie
103597;Site_archéologique_de_Volubilis;Géographie Histoire
111107;Parc_national_de_Yosemite;Géographie Science
9253139;1_000_kilomètres_de_Spa_2009;Histoire Sport
605584;Les_101_Dalmatiens_(film,_1961);Art&Loisir Histoire
6672844;À_l'Olympia_(album_d'Alan_Stivell);Histoire
1486250;L'Abbaye_de_Northanger;Histoire
52519;Achéménides;Histoire
5381529;Adam_Bede;Histoire
1008528;Bataille_d'Adoua;Histoire
1178668;Affaire_Blomberg-Fritsch;Histoire
4565701;Affaire_de_Hautefaye;Histoire
45864;Affaire_des_fiches_(France);Histoire Culture&Religion
23232;Affaire_Dreyfus;Histoire Culture&Religion
8582607;Affaire_Leigh_Leigh;Histoire
636836;Agathocle_de_Syracuse;Histoire
1282795;Âge_d'argent_des_comics;Histoire
1414240;Âge_d'or_des_comics;Histoire
94191;Ahmôsis_Ier;Histoire
34801;Albert_Ier_(roi_des_Belges);Histoire Sport
3168299;Alexandre_le_Grand;Histoire
486422;Alexandre_Ier_(roi_des_Hellènes);Histoire
144050;Alexis_Ier_Comnène;Histoire
420395;Alice_au_pays_des_merveilles_(film,_1951);Art&Loisir Histoire
3640783;Almanach_royal;Histoire
242380;American_Idiot;Histoire
4335316;L'Ami_commun;Histoire
4964273;Amour_endormi;Art&Loisir Histoire Culture&Religion
2504562;L'Amour_victorieux;Art&Loisir Histoire Culture&Religion
226894;Anasazis;Histoire
7335963;Anatomie_de_la_société_dans_La_Maison_d'Âpre-Vent;Histoire
10837;Anaximandre;Science Histoire
612352;André_de_Grèce;Histoire
321689;Thomas_Andrews;Histoire
382088;Andronic_Ier_Comnène;Histoire
12250573;Anges_musiciens_(National_Gallery);Art&Loisir Histoire
3558671;Angevin_(cheval);Histoire
3539960;Animaux_dans_le_Proche-Orient_ancien;Science Histoire
102636;Anschluss;Histoire
65246;Antiquité_tardive;Histoire Culture&Religion
132;Anubis;Histoire Culture&Religion
1012434;Arc_long_anglais;Histoire Sport
153722;Les_Aristochats;Art&Loisir Histoire
416280;Art_safavide;Art&Loisir Histoire
1405345;Artaxiades;Histoire
307714;Arts_de_l'Islam;Art&Loisir Histoire Culture&Religion
8748513;Aspects_économiques_et_logistiques_des_guerres_napoléoniennes;Histoire
6118353;Assassin's_Creed_III;Histoire
3507658;Assassinat_d'Abraham_Lincoln;Histoire
64257;Assyrie;Histoire
171077;John_Jacob_Astor_IV;Histoire Sport
836145;Atlantide,_l'empire_perdu;Art&Loisir Histoire
10095186;Attaque_du_camp_de_Looking_Glass;Histoire
3428904;Attaques_allemandes_sur_Nauru;Histoire
43987;Attila;Histoire
60;Attributs_du_pharaon;Histoire
9833969;Au-delà_(Égypte_antique);Histoire
1370697;Aucassin_et_Nicolette;Histoire
37331;Augustin_d'Hippone;Histoire Culture&Religion
5589946;Augustin_ou_Le_Maître_est_là;Histoire Culture&Religion
3251283;Jane_Austen;Histoire
6914236;Autel_de_la_Gens_Augusta;Histoire Culture&Religion
1300903;Les_Aventures_d'Arthur_Gordon_Pym;Histoire
4485026;Les_Aventures_de_Bernard_et_Bianca;Art&Loisir Histoire
8573024;Les_Aventures_de_Roderick_Random;Histoire
1291999;Les_Aventures_de_Tom_Sawyer;Histoire
768078;Les_Aventures_de_Winnie_l'ourson_(film);Art&Loisir Histoire
12329;Averroès;Science Histoire Culture&Religion
4964469;Bacchus_(Le_Caravage);Art&Loisir Science Histoire Culture&Religion
5221930;Opération_Badr_(1973);Histoire
2037398;Achot_Ier_d'Arménie;Histoire
2243752;Hobey_Baker;Histoire Sport
1536890;Honoré_de_Balzac;Histoire
4154497;Bambi_(film,_1942);Art&Loisir Histoire
12751645;Baptistère_de_Bekalta;Histoire Culture&Religion
5531626;Barnaby_Rudge;Histoire
101057;Bataille_de_Barnet;Histoire
20944;Gino_Bartali;Histoire Sport
357178;Barton_Fink;Histoire
366548;Basile_II;Histoire
177198;Bataille_des_Cardinaux;Histoire
990948;Bataille_d'Héraclée;Histoire
9621992;Bataille_de_Cottonwood;Histoire
9602811;Bataille_de_la_Clearwater;Histoire
5546908;Bataille_de_White_Bird_Canyon;Histoire
3368857;Bataille_de_Noirmoutier_(1794);Histoire
2985612;Batailles_de_Latroun_(1948);Histoire
998702;Alice_de_Battenberg;Histoire
630439;Bayard_(cheval);Histoire
6804100;États_de_Béarn;Histoire
13724286;Henri-Charles_de_Beaumanoir_de_Lavardin;Histoire
1699431;Baudouin_de_Belgique_(1869-1891);Histoire
948401;Henriette_de_Belgique;Histoire
1573101;Louise_de_Belgique;Histoire
1042159;Philippe_de_Belgique_(1837-1905);Histoire
993140;Stéphanie_de_Belgique;Histoire
602455;La_Belle_au_bois_dormant_(film,_1959);Art&Loisir Histoire
602444;La_Belle_et_le_Clochard;Art&Loisir Science Histoire
4887736;Bentley_4½_Litre;Histoire Sport
4891893;Bentley_6½_Litre;Histoire Sport
10925;Bibliothèque_nationale_de_France;Histoire Culture&Religion
108852;Les_Bijoux_de_la_Castafiore;Histoire
668895;Birka_et_Hovgården;Histoire
20470;Otto_von_Bismarck;Histoire
21270;Blade_Runner_(film);Histoire
210276;Blanche-Neige_et_les_Sept_Nains;Art&Loisir Histoire
829381;Bleach_(album);Histoire
9858600;Affaire_Cécile_Bloch;Histoire
20946;Louison_Bobet;Histoire Sport
77477;Luigi_Boccherini;Histoire
27830;Jean_Bodin;Histoire
35239;Benoît_de_Boigne;Histoire
461378;Bonaparte_franchissant_le_Grand-Saint-Bernard;Art&Loisir Histoire
66820;Joseph_Bonaparte;Histoire
131113;Pierre_Bonnard;Art&Loisir Histoire
3059998;Pierre_Bonny;Histoire
137234;Boris_III;Histoire
4653360;Bataille_de_Bouin;Histoire
1083365;Thérèse-Christine_de_Bourbon-Siciles;Histoire
11912;Paul_Bourget;Histoire Culture&Religion
4648886;Histoire_de_la_Bourgogne;Histoire
14489145;Maison_de_Bournonville;Histoire
5179279;Brabham_BT60B;Histoire Sport
3687069;Brawn_BGP_001;Histoire Sport
22530;Histoire_de_la_Bretagne;Histoire
3061134;Érard_de_Brienne-Ramerupt;Histoire
4330260;La_Brigade_chimérique;Histoire
487957;Britannic;Histoire
1094356;Margaret_Brown;Histoire
368872;Bugatti_Type_35;Histoire Sport
5905360;Caixa_de_Rotllan;Histoire
36549;Jean-Jacques-Régis_de_Cambacérès;Histoire
1445768;Canots_de_sauvetage_du_Titanic;Histoire
9761625;Canzone;Histoire
86996;Le_Caravage;Art&Loisir Histoire
2136770;Careless_Whisper;Histoire
62324;Carin;Histoire
26982;Sadi_Carnot_(physicien);Science Histoire
96795;Casablanca_(film);Histoire
396303;Catherine_de_Sienne;Histoire Culture&Religion
114263;Camillo_Cavour;Histoire
4623543;Cendrillon_(film,_1950);Art&Loisir Histoire
3498999;Cent_vues_d'Edo;Art&Loisir Histoire
643741;Chanson_des_quatre_fils_Aymon;Histoire
12267599;Chant_séculaire;Histoire
9759575;Chapelle_Saint-Jean_du_Liget;Histoire Culture&Religion
64432;Charles_II_de_Navarre;Histoire
35579;Charles_V_le_Sage;Histoire
2500458;Chartreuse_du_Liget;Histoire Culture&Religion
6355369;Chartreuse_de_Molsheim;Histoire Culture&Religion
3486665;Château_de_Challain-la-Potherie;Histoire
2558810;Château_de_Châteaubriant;Histoire
10732726;Le_Château_d'Indolence;Histoire
444709;Château_de_Laval;Histoire
422208;Château_des_ducs_de_Bretagne;Histoire
121043;Château_de_Pau;Histoire Culture&Religion
3972868;Cheval_au_Moyen_Âge;Histoire
3978076;Cheval_durant_la_Première_Guerre_mondiale;Histoire
1779053;Le_Cheval_venu_de_la_mer;Histoire
8772088;Les_Chiens_et_les_Loups_(roman);Histoire Culture&Religion
4752661;Noam_Chomsky;Histoire Culture&Religion
1939908;Monsieur_Chouchani;Histoire Culture&Religion
15797;Winston_Churchill;Histoire
815760;Cicéron;Histoire
1628675;Cinéma_sonore;Art&Loisir Histoire
13745974;Cippe_de_Beccut;Histoire
130489;Cité_de_Carcassonne;Histoire
357335;Civilisation_mycénienne;Histoire
2673796;Classe_1_500_tonnes;Histoire
6966488;Classe_Shōkaku;Histoire
797530;Olivier_V_de_Clisson;Histoire
9011783;Catherine_Clive;Art&Loisir Histoire
809117;Thomas_Cochrane_(10e_comte_de_Dundonald);Histoire
389843;Code_de_Hammurabi;Art&Loisir Histoire
9130422;Étienne_Colaud;Art&Loisir Histoire
5030160;Comédie_de_la_Restauration_anglaise;Art&Loisir Histoire
270403;La_Comédie_humaine;Histoire
594261;Comics_underground;Histoire
108372;Compagnie_néerlandaise_des_Indes_orientales;Histoire
1412123;Complexe_funéraire_de_Djéser;Histoire
4014;Composition_de_l'être_dans_l'Égypte_antique;Histoire Culture&Religion
13452246;Comptoirs_italiens_en_mer_Noire_et_en_Méditerranée;Histoire
199151;Conflit_nord-irlandais;Histoire
8273276;Le_Congrès_des_rois;Histoire
11126625;Conquérant_(cheval);Histoire
372034;Conquête_de_l'Ouest;Histoire
624239;Conseil_de_sécurité_nationale_(États-Unis);Histoire
9587830;Conspirations_dans_l'Égypte_antique;Histoire
46123;Constance_II;Histoire
373640;Constantin_IX_Monomaque;Histoire
386716;Constantin_XI_Paléologue;Histoire
486401;Constantin_Ier_(roi_des_Hellènes);Histoire
486469;Constantin_II_(roi_des_Hellènes);Histoire Sport
3572290;Le_Conte_de_deux_cités;Histoire
3689299;Convulsionnaires;Science Histoire Culture&Religion
7549331;Coup_d'État_du_5_juillet_1977_au_Pakistan;Histoire
6879385;Coup_d'État_du_12_octobre_1999_au_Pakistan;Histoire
142842;Coupe_du_monde_de_football_2006;Histoire Sport
10248308;Création_à_Léningrad_de_la_symphonie_no_7_de_Chostakovitch;Histoire
3178213;Giovanni_IV_Crispo;Histoire
7815;Cunéiforme;Histoire
40405;Dahut;Histoire
100729;Nicolas_Dalayrac;Histoire
13230265;DAMS_GD-01;Histoire Sport
1201321;The_Dark_Side_of_the_Moon;Histoire
5698910;Datation_de_la_Bible;Histoire Culture&Religion
847693;David_Copperfield;Histoire
1616752;David_IV_(roi);Histoire Culture&Religion
5842211;David_Golder;Histoire Culture&Religion
618003;David_Ier_(roi_d'Écosse);Histoire
1468899;Défense_des_droits_de_la_femme;Histoire
249080;Léon_Degrelle;Histoire
3193527;Derniers_jours_d'Adolf_Hitler;Histoire
839316;Descente_d'Inanna_aux_Enfers;Histoire Culture&Religion
54070;Paul_Deschanel;Histoire
63098;Royaume_des_Deux-Siciles;Histoire
49717;Deuxième_République_(France);Histoire
43893;Patrick_Dewaere;Art&Loisir Histoire
5796558;Catherine_Dickens;Histoire
1355526;Charles_Dickens;Histoire
5871803;Diptyque_de_Melun;Art&Loisir Histoire Culture&Religion
1447200;Élisabeth_Dmitrieff;Histoire
1660207;Dombey_et_Fils;Histoire
13230302;Dome_F105;Histoire Sport
367200;Dookie;Histoire
3775913;Doric_(paquebot_de_1923);Histoire
7336914;Double_narration_dans_La_Maison_d'Âpre-Vent;Histoire
54409;Paul_Doumer;Histoire
1935096;Draft_1984_de_la_NBA;Histoire Sport
1775591;Dragons_de_la_Garde_impériale;Histoire
7795572;El_drama_del_15_de_octubre;Histoire
1345509;Du_battant_des_lames_au_sommet_des_montagnes;Histoire
3011548;Duchesse_Anne_(trois-mâts_carré);Histoire Culture&Religion
210280;Dumbo_(film,_1941);Art&Loisir Histoire
1611923;Dumuzi;Histoire Culture&Religion
2933442;Arnt_van_der_Dussen;Art&Loisir Histoire
19492;Dynastie_Ming;Histoire
19685;Dynastie_Qin;Histoire
42798;Dynastie_Song;Histoire
4232662;E.T._the_Extra-Terrestrial_(jeu_vidéo);Histoire
1626053;L'Échange_(film,_2008);Histoire
1862323;Éclaireurs_de_la_Garde_impériale;Histoire
1778006;École_de_la_Salpêtrière_(hypnose);Science Histoire
1777753;École_de_Nancy_(psychologie);Science Histoire
2954825;École_des_arts_industriels_et_des_mines;Histoire
1525862;École_polytechnique_(France);Science Histoire
3282915;Économie_des_Iroquois;Histoire Culture&Religion
15327;Édouard_III;Histoire
1620397;Theodor_Eicke;Histoire
158787;Élam;Histoire
5190799;Élection_au_trône_de_Grèce_(1822-1832);Histoire
4132246;Élection_au_trône_de_Grèce_(1862-1863);Histoire
13261537;Élection_au_trône_de_Roumanie_de_1866;Histoire
4812452;Élections_législatives_pakistanaises_de_2002;Histoire
3924374;Élections_législatives_pakistanaises_de_2008;Histoire
148609;Élisabeth_en_Bavière_(1876-1965);Histoire
2321730;Émeutes_de_Jérusalem_de_1920;Histoire Culture&Religion
1012575;Emma_(roman);Histoire
6873847;Empire_byzantin;Histoire Culture&Religion
431402;Empire_d'Akkad;Histoire
3554983;Empire_du_Brésil;Histoire
8047337;Enceinte_gallo-romaine_de_Tours;Histoire
10437414;Enfers_mésopotamiens;Histoire Culture&Religion
5777928;Enfouissement_de_jeux_vidéo_par_Atari;Histoire
4071276;Épave_de_Mahdia;Histoire
4754908;Épave_du_Titanic;Science Histoire
7860985;Épodes;Histoire
340247;Épopée_de_Gilgamesh;Histoire
88473;Opération_Epsom;Histoire
13277234;Épuration_de_la_fonction_publique_française_(1879-1884);Histoire Culture&Religion
4367280;Équipage_du_Titanic;Histoire
9899330;Équipe_d'Irlande_du_Nord_de_football_à_la_Coupe_du_monde_1958;Histoire Sport
221354;Équipe_de_Tchécoslovaquie_de_football;Histoire Sport
1030;Eraserhead;Histoire
6728604;Ermitage_Saint-Guillem_de_Combret;Histoire Culture&Religion Sport
690272;Éruption_du_mont_Saint_Helens_en_1980;Science Histoire
4086345;Étrusques;Histoire
13665112;Étude_pour_le_drapé_de_la_Vierge;Art&Loisir Histoire
1096591;Études_de_Debussy;Histoire
6025391;Eurobrun_ER188;Histoire Sport
6026618;Eurobrun_ER189B;Histoire Sport
928270;Expédition_de_Morée;Science Histoire
835746;Expédition_des_Mille;Histoire
3878634;Expédition_Fram;Histoire
1393887;Expédition_Nimrod;Histoire
1393923;Expédition_Terra_Nova;Histoire
12496128;Exportations_d'armes_de_la_France;Histoire
9225730;Expulsion_des_congrégations_(1880);Histoire Culture&Religion
325545;Barthélemy_d'Eyck;Art&Loisir Histoire
110220;Jean-Henri_Fabre;Science Histoire
927982;Poche_de_Falaise;Histoire
783758;Falstaff;Art&Loisir Histoire
5489113;Famille_Bennet;Histoire
3797943;Fantasia_(film,_1940);Art&Loisir Histoire
784534;Fausta_(impératrice_romaine);Histoire
8338658;Louis-François-Sébastien_Fauvel;Art&Loisir Histoire
10937655;La_Femme_au_miroir_(Titien);Art&Loisir Histoire
4063638;Ferrari_250_GT_Cabriolet_Pinin_Farina;Histoire
4063409;Ferrari_250_GT_California_Spyder;Histoire Sport
3934432;Ferrari_250_GT_Lusso;Histoire Sport
3923483;Ferrari_250_GTE;Histoire
5070955;Ferrari_643;Histoire Sport
2740370;Ferrari_D50;Histoire Sport
5319432;Ferrari_F92A;Histoire Sport
230667;Henry_Fielding;Histoire
2490402;Filikí_Etería;Histoire
4360603;Finale_de_la_Coupe_d'Angleterre_de_football_de_1923;Histoire Sport
52941;Nicolas_Flamel;Histoire
9470151;Fonctions_pharaoniques;Histoire
6896659;Fordicidia;Art&Loisir Histoire Culture&Religion
740312;Xavier_Forneret;Histoire
959368;Bataille_de_Fort_Sumter;Histoire
6609834;Site_castral_de_Montbazon;Histoire
5425542;Forti_FG01-95;Histoire Sport
139113;Charles_de_Foucauld;Histoire Culture&Religion
1275692;Bataille_de_Fougères;Histoire
11187;Frankenstein_ou_le_Prométhée_moderne;Histoire
648811;Frederika_de_Hanovre;Histoire
2770;Sigmund_Freud;Science Histoire
121166;Frise_du_Parthénon;Art&Loisir Histoire Culture&Religion
401978;Front_yougoslave_de_la_Seconde_Guerre_mondiale;Histoire
154901;Wilhelm_Furtwängler;Histoire
6874;Mohandas_Karamchand_Gandhi;Histoire Culture&Religion
139926;Giuseppe_Garibaldi;Histoire
215454;Gaston_III_de_Foix-Béarn;Histoire
1077467;Laure_Gatet;Science Histoire
486384;Georges_Ier_(roi_des_Hellènes);Histoire
486458;Georges_II_(roi_des_Hellènes);Histoire
155073;Géorgiques;Histoire
52303;Carlo_Gesualdo;Histoire
3893359;Marin_Ghetaldi;Science Histoire
4421538;Albert_Girard;Science Histoire Culture&Religion
5657994;George_Gissing;Histoire
20395;Vincent_van_Gogh;Art&Loisir Histoire
3006453;Gone_Troppo;Histoire
1652491;Grand_Escalier_(Titanic);Art&Loisir Histoire
5565565;Grand_Jument;Histoire
1410387;Grand_Prix_automobile_d'Europe_1995;Histoire Sport
4934894;Grand_Prix_automobile_de_France_1906;Histoire Sport
1378912;Grand_Prix_automobile_de_Grande-Bretagne_1995;Histoire Sport
1351039;Grand_Prix_automobile_de_Monaco_1995;Histoire Sport
2968927;Grand_Prix_automobile_de_Monaco_2008;Histoire Sport
1410305;Grand_Prix_automobile_du_Brésil_1995;Histoire Sport
1390018;Grand_Prix_automobile_du_Canada_1995;Histoire Sport
1396932;Grand_Prix_automobile_du_Japon_1995;Histoire Sport
690040;Grand_Prix_automobile_du_Pacifique_1995;Histoire Sport
1011022;Grande_Idée;Histoire
7801438;Grande_mosaïque_de_Lillebonne;Histoire
1296044;Les_Grandes_Espérances;Histoire
314063;Temple_Grandin;Science Histoire
1179142;Bataille_de_Grèce;Histoire
4827271;Grèce_dans_la_Première_Guerre_mondiale;Histoire
3263855;Grèce_dans_les_guerres_balkaniques;Histoire
486378;Othon_Ier_(roi_de_Grèce);Histoire
327965;Grégoire_de_Nazianze;Histoire Culture&Religion
123360;Bataille_de_Guadalcanal;Histoire
24547;Guerre_anglo-américaine_de_1812;Histoire
1017559;Guerre_civile_de_1947-1948_en_Palestine_mandataire;Histoire
34179;Guerre_de_Cent_Ans;Histoire
22448;Guerre_de_Crimée;Histoire
37834;Guerre_de_Trente_Ans;Histoire
157315;Guerre_de_Vendée;Histoire
14233795;La_Guerre_des_mouches;Histoire
1020446;Guerre_israélo-arabe_de_1948-1949;Histoire
53910;Guerres_médiques;Histoire
4050296;Guerres_turco-byzantines;Histoire Culture&Religion
2027924;Che_Guevara;Histoire
34602;Guillaume_le_Roux;Histoire
814069;Marie-Henriette_de_Habsbourg-Lorraine;Histoire
544628;Hameau_de_la_Reine;Histoire
40132;Hannibal_Barca;Histoire
536855;Haras_nationaux;Histoire
641836;Hélène_de_Grèce;Histoire
983836;Hélène_Vladimirovna_de_Russie;Histoire
139972;Héraclius;Histoire
3846290;Hérésie_d'Orléans;Histoire Culture&Religion
91551;Reinhard_Heydrich;Histoire
1380373;Histoire_de_Corfou;Histoire
114435;Histoire_de_l'Afrique_du_Sud;Histoire
41083;Histoire_de_l'automobile;Science Histoire
144006;Histoire_de_l'Empire_byzantin;Histoire
4875591;Histoire_de_l'Épire_du_Nord_de_1913_à_1921;Histoire
806531;Histoire_de_la_Californie;Histoire
743474;Histoire_de_la_Crète;Histoire
1427389;Histoire_de_la_Macédoine_du_Nord;Histoire
5443289;Histoire_de_la_relativité_restreinte;Science Histoire
756596;Histoire_de_la_Sardaigne;Histoire
3064971;Histoire_de_la_Suisse_sous_domination_française;Histoire
54967;Histoire_de_la_Tunisie;Histoire
345328;Histoire_de_Lyon;Histoire
120244;Histoire_de_Nauru;Histoire
561606;Histoire_de_New_York;Histoire
1548935;Histoire_de_Thessalonique;Histoire
1330081;Histoire_de_Tom_Jones,_enfant_trouvé;Histoire
1554861;Histoire_des_Juifs_à_Salonique;Histoire Culture&Religion
2851613;Histoire_des_Juifs_en_Allemagne;Histoire Culture&Religion
3131953;Histoire_des_Juifs_en_France;Histoire Culture&Religion
32457;Histoire_des_Juifs_en_Inde;Histoire Culture&Religion
4194783;Histoire_des_Juifs_en_Italie;Histoire Culture&Religion
4570634;Histoire_des_Juifs_en_Libye;Histoire Culture&Religion
1175661;Histoire_des_Juifs_en_Tunisie;Histoire Culture&Religion
1081500;Histoire_du_duché_de_Parme_et_Plaisance;Histoire
6905226;Histoire_du_féminisme;Histoire
1362;Histoire_du_Japon;Histoire Culture&Religion
686109;Histoire_militaire_de_la_France;Histoire
10165307;Historiographie_du_Japon;Histoire
54799;Hittites;Histoire
4719897;Hôpital_Saint-Jacques_(Nantes);Science Histoire
88578;La_Horde_sauvage_(film,_1969);Histoire
1383;Horus;Histoire Culture&Religion
4406698;Rudolf_Höss;Histoire Culture&Religion
6959861;Hôtel-Dieu_de_Carpentras;Science Histoire
5853077;Houillères_de_Ronchamp;Histoire
101877;Félix_Houphouët-Boigny;Histoire
9979216;How_a_Mosquito_Operates;Art&Loisir Histoire
1448;Hugues_Capet;Histoire
9919036;Hungerplan;Histoire
51672;Hypatie;Science Histoire
7335054;Identité_littéraire_des_personnages_dans_La_Maison_d'Âpre-Vent;Histoire
4154181;Impressionnisme;Art&Loisir Histoire
577064;In_Utero_(album);Histoire
15094727;Incendies_de_Paris_pendant_la_Commune;Histoire
634101;Incident_de_Saverne;Histoire
8846;Indochine_française;Histoire
3748688;Installations_de_première_classe_du_Titanic;Histoire
8863498;Institutions_du_Pays_basque_français_avant_1789;Histoire
8141111;Invasion_anglo-russe_de_la_Hollande;Histoire
191492;Irgoun;Histoire
586352;Is_This_It;Histoire
1522;Isis;Histoire Culture&Religion
3198542;Íslendingabók;Histoire Culture&Religion
1215105;Ismaïl_ben_Chérif;Histoire
6325150;Israël_antique;Histoire Culture&Religion
13266175;Jacky_(chanson);Histoire
3997325;Jansénisme;Histoire Culture&Religion
5950350;Jardin_archéologique_de_l'hôpital_de_Lisieux;Histoire
326227;Le_Jardin_des_délices;Art&Loisir Histoire Culture&Religion
49584;Jean_II_le_Bon;Histoire
408890;Jean_VI_(roi_de_Portugal);Histoire
113248;Jérôme_de_Stridon;Histoire Culture&Religion
102878;Jeux_olympiques_d'hiver_de_1952;Histoire Sport
103773;Jeux_olympiques_d'hiver_de_1988;Histoire Sport
103790;Jeux_olympiques_d'hiver_de_1998;Histoire Sport
1599;Jeux_olympiques_d'hiver_de_2002;Histoire Sport
1625;Jeux_olympiques_de_1900;Histoire Sport
130215;Jeux_olympiques_de_1920;Histoire Sport
1886171;Joseph_Andrews;Histoire
11468987;Journal_d'un_homme_sans_importance;Histoire
9257699;Le_Journal_d'un_voyage_de_Londres_à_Lisbonne;Histoire
3336668;Jacques_Jubé;Histoire Culture&Religion
23517;Carl_Gustav_Jung;Science Histoire
4964466;Jupiter,_Neptune_et_Pluton;Art&Loisir Histoire Culture&Religion
182031;Justin_Ier;Histoire
41421;Justinien_Ier;Histoire Culture&Religion
26491;John_Keats;Histoire
2060517;Parc_national_de_Kejimkujik;Science Histoire
20994;John_Maynard_Keynes;Histoire
60892;Bataille_de_Khalkhin_Gol;Histoire
24056;Kiki_la_petite_sorcière;Histoire
7134;Martin_Luther_King;Histoire Culture&Religion
4743826;Nicolas_Krick;Histoire Culture&Religion
2867253;Kriegsschuldfrage;Histoire
9435813;Bataille_de_Labuan;Histoire
118346;Henri_Lacordaire;Histoire Culture&Religion
5985536;Pierre_Lambert_de_La_Motte;Histoire Culture&Religion
597213;Lanciers_polonais_de_la_Garde_impériale;Histoire
689930;Lanciers_rouges_de_la_Garde_impériale;Histoire
2974314;Lanzelet;Histoire Culture&Religion
5706327;Larrousse_LH95;Histoire Sport
4766779;Légendes_et_théories_alternatives_sur_le_naufrage_du_Titanic;Histoire
595033;Lehi;Histoire
23374;John_Lennon;Histoire
113560;Léon_V_l'Arménien;Histoire
10049;Léonard_de_Vinci;Art&Loisir Science Histoire
213818;François_L'Hermite;Art&Loisir Histoire
722233;Lies_et_passeries;Histoire
11625712;Liste_des_vainqueurs_du_stadion_aux_Jeux_olympiques_antiques;Histoire Sport
2726298;Liturgie_(Grèce_antique);Histoire
5322472;Livre_d'heures_d'Étienne_Chevalier;Art&Loisir Histoire Culture&Religion
222234;Livre_de_Kells;Art&Loisir Histoire Culture&Religion
562809;Le_Livre_de_la_jungle_(film,_1967);Art&Loisir Histoire
964123;Le_Livre_des_snobs;Histoire
69639;Loi_allemande_des_pleins_pouvoirs_de_1933;Histoire
527484;Lois_constitutionnelles_de_1875;Histoire
4927736;Lola_T95/30;Histoire Sport
4925534;Lola_T97/30;Histoire Sport
6307761;Lord_Jim_(roman);Histoire
3112438;Stanley_Lord;Histoire
9046966;Les_Mangeurs_de_lotus;Histoire
8668;Louis_IX;Histoire Culture&Religion
1642786;Harold_Lowe;Histoire
811866;Luna_Papa;Histoire
1690879;M3_Lee/Grant;Histoire
1415498;Nicolas_Machiavel;Histoire
5586522;Le_Magasin_d'antiquités;Histoire
8099791;Maine_(province);Histoire
5351987;Maison_au_grand_péristyle_de_Vieux-la-Romaine;Histoire
1670062;La_Maison_d'Âpre-Vent;Histoire
215674;Le_Maître_chat_ou_le_Chat_botté;Histoire
8166827;Combat_de_Majadahonda;Histoire
3835600;Majestic_(paquebot_de_1922);Histoire
237099;Mekonnen_Welde_Mikaél;Histoire
1232251;Bataille_de_Malakoff;Histoire
5682152;Mamelouks_de_la_Garde_impériale;Histoire
858285;Mansfield_Park;Histoire
382063;Manuel_Ier_Comnène;Histoire
11143748;Marathon_aux_Jeux_olympiques_de_1896;Histoire Sport
11144520;Marathon_aux_Jeux_olympiques_de_1900;Histoire Sport
11167954;Marathon_aux_Jeux_olympiques_de_1904;Histoire Sport
12328;Marc_Aurèle;Histoire
69540;Étienne_Marcel;Histoire
3640078;Le_Mari_de_l'Indienne_(film,_1914);Histoire
5489170;Mariage_dans_les_romans_de_Jane_Austen;Histoire
7697671;Mariage_de_l'infant_Juan_Carlos_d'Espagne_et_de_la_princesse_Sophie_de_Grèce;Histoire
90222;Marie-Louise_d'Autriche;Histoire
613375;Marine_byzantine;Histoire
1617285;Mario_et_Sonic_aux_Jeux_olympiques;Histoire Sport
85356;Albert_Marquet;Art&Loisir Histoire
5473871;Martin_Chuzzlewit;Histoire
951880;Mary_Poppins_(film);Art&Loisir Histoire
1101612;Mary_Rose;Histoire Culture&Religion
2126275;Massacre_de_Psará;Histoire
825979;Massacre_de_Qibya;Histoire
5111852;Le_Massacre_des_Innocents_(Poussin);Art&Loisir Histoire
168994;Massacre_d'Oradour-sur-Glane;Histoire
260301;Massacre_de_Tulle;Histoire
13732756;Match_de_football_Argentine_-_Angleterre_(1986);Histoire Sport
14821070;Match_de_rugby_à_XV_Écosse_-_Angleterre_(1990);Histoire Sport
567293;Match_de_rugby_à_XV_Nouvelle-Zélande_-_France_(1999);Histoire Sport
14664975;Match_de_rugby_Écosse_-_Angleterre_(1871);Histoire Sport
43226;Maximilien_Ier_(empereur_du_Mexique);Histoire
1276161;McLaren_MP4-18;Histoire Sport
5015483;Mémoires_de_Barry_Lyndon;Histoire
2840549;Memorbuch;Histoire Culture&Religion
287745;Menelik_II;Histoire
3028361;Mercedes-Benz_CLR;Histoire Sport
70372;Merlin;Histoire Culture&Religion
294582;Merlin_l'Enchanteur_(film,_1963);Art&Loisir Histoire Culture&Religion
7892083;Métopes_du_Parthénon;Art&Loisir Histoire Culture&Religion
12139091;August_Meyszner;Histoire
54124;Alexandre_Millerand;Histoire
13880465;Félix_Milliet;Histoire
88676;Mines_du_Laurion;Histoire
1017646;Mistra;Histoire
125490;Amedeo_Modigliani;Art&Loisir Histoire Culture&Religion
139264;Module_lunaire_Apollo;Science Histoire
2079;Molière;Art&Loisir Histoire
2685410;Monument_de_la_Liberté;Histoire
13222219;Mosaïque_du_cirque_de_Carthage;Histoire
5074051;Mosaïque_du_seigneur_Julius;Histoire
136477;Motte_castrale;Histoire
3236117;Mouvement_national_tunisien;Histoire
2017;Mulholland_Drive_(film);Histoire
10575;Mur_de_Berlin;Histoire
1362991;William_McMaster_Murdoch;Histoire
139533;Musée_Condé;Art&Loisir Histoire Culture&Religion
580272;Musée_national_du_Bardo_(Tunisie);Histoire Culture&Religion
1440286;Le_Mystère_d'Edwin_Drood;Histoire
5832664;Mystères_d'Osiris;Art&Loisir Histoire Culture&Religion
11817843;Mythe_d'une_Wehrmacht_aux_mains_propres;Histoire
521607;Mythologie_bretonne;Histoire Culture&Religion
23171;Napoléon_III;Histoire
4964426;Narcisse_(Le_Caravage);Art&Loisir Histoire Culture&Religion
2955621;Cyclone_Nargis;Science Histoire
3861894;Naronic;Histoire
734688;Natation_aux_Jeux_olympiques_de_1912;Histoire Sport
274973;Naumachie;Histoire
803807;Bataille_de_Navarin;Histoire
2851729;Michel_Navratil;Histoire
54013;NCIS_:_Enquêtes_spéciales;Histoire
9466429;Nécropole_des_Rabs;Histoire
914796;Irène_Némirovsky;Histoire Culture&Religion
197096;Nevermind;Histoire
2187;New_Deal;Histoire
228525;Nicéphore_Ier;Histoire
360904;Nicéphore_II_Phocas;Histoire
382113;Nicéphore_III_Botaniatès;Histoire
5631572;Nicholas_Nickleby;Histoire
173863;Pat_Nixon;Histoire
4717778;Nord_et_Sud_(roman);Histoire
7549329;Notes_américaines;Histoire
1436460;La_Nuit_(Wiesel);Histoire Culture&Religion
1796890;Nuit_de_Cristal;Histoire Culture&Religion
122689;Nuit_des_Longs_Couteaux;Histoire
3512525;Occupation_japonaise_de_Nauru;Histoire
4438632;Oceanic_(navire_inachevé);Histoire
4544235;Ode_à_l'automne;Histoire
11333718;Ode_à_Psyché;Histoire
5250097;Ode_à_un_rossignol;Histoire
11968512;Ode_sur_l'indolence;Histoire
11991410;Ode_sur_la_mélancolie;Histoire
10266552;Ode_sur_une_urne_grecque;Histoire
4713609;Catalogue_de_l'œuvre_peint_de_Pieter_Brueghel_l'Ancien;Art&Loisir Histoire
1141092;The_Office_(série_télévisée,_2005);Histoire
648508;Olga_Constantinovna_de_Russie;Histoire
4394569;Oliver_Twist;Histoire
114638;Olympic_(paquebot);Histoire
11988465;Opération_Pamphlet;Histoire
3137333;Opération_Perch;Histoire
1025517;Opération_Ten-Gō;Histoire
2994777;Orchestre_du_Titanic;Histoire
2962140;Ordre_cistercien;Science Histoire Culture&Religion
29460;Ordre_du_Temple;Histoire Culture&Religion
380196;Orgueil_et_Préjugés;Histoire
2491225;Orgueil_et_Préjugés_(film,_1940);Histoire
520970;Orgueil_et_Préjugés_(mini-série,_1995);Histoire
264873;Louise_d'Orléans_(1812-1850);Histoire
3981495;Histoire_du_mouvement_pacifiste_allemand_jusqu'en_1945;Histoire
1318089;Palais_d'Aix-la-Chapelle;Histoire
229820;Palais_des_papes_d'Avignon;Histoire Culture&Religion
6986865;Palais_des_papes_de_Sorgues;Histoire
3394667;Panique_bancaire_américaine_de_1907;Histoire
96403;Panthéon_(Rome);Histoire Culture&Religion
768636;Les_Papiers_posthumes_du_Pickwick_Club;Histoire
2650452;Catherine_de_Parthenay;Art&Loisir Science Histoire Culture&Religion
3806695;Pasion;Histoire
4689605;Passagers_du_Titanic;Histoire
78590;Paul_Ier_(roi_des_Hellènes);Histoire
1454317;Pavillon_français;Histoire
13572005;Alix_Payen;Histoire
4004036;PeaceMaker;Histoire
2303745;Peau_d'Âne_(film,_1970);Art&Loisir Histoire
7780770;Il_Perdono_di_Gesualdo;Art&Loisir Histoire
52498;Périclès;Histoire
13508294;Période_d'exil_de_Caravage;Art&Loisir Histoire
548272;Période_d'Uruk;Histoire
324348;Période_des_dynasties_archaïques;Histoire
17089;Période_des_Printemps_et_Automnes;Histoire
81645;Période_des_Royaumes_combattants;Histoire
1012531;Persuasion_(roman);Histoire
4864559;Bataille_de_Péta;Histoire
603972;Peter_et_Elliott_le_dragon;Art&Loisir Histoire
465741;Peter_Pan_(film,_1953);Art&Loisir Histoire
5664488;La_Petite_Dorrit;Histoire
86278;Pétrone;Histoire
3476534;Philippe_II_de_Bourgogne;Histoire
1669399;Jack_Phillips;Histoire
151943;Philon_d'Alexandrie;Histoire Culture&Religion
2908742;La_Phobie_d'Homer;Histoire
8485324;La_Pièce_aux_cent_florins;Art&Loisir Histoire Culture&Religion
79159;Pierre_Ier_(empereur_du_Brésil);Histoire
1889917;Pierre_de_Grèce;Histoire
171917;Pierre_II_(empereur_du_Brésil);Histoire
641476;Pierre_II_de_Savoie;Histoire
602476;Pinocchio_(film,_1940);Art&Loisir Histoire
1598092;Plan_de_Rome_(Bigot);Histoire
4291685;Les_Poèmes_de_Lucy;Histoire
4722069;Phare_de_Pointe-au-Père;Histoire Culture&Religion
14473286;Police_juive_du_ghetto;Histoire Culture&Religion
4964280;Portrait_d'Alof_de_Wignacourt;Art&Loisir Histoire
10568003;Portrait_d'Isabelle_d'Este_(Léonard_de_Vinci);Art&Loisir Histoire
8452011;Poudrerie_nationale_du_Ripault;Science Histoire
3728571;Le_Pré_de_Béjine;Histoire
49033;Première_Restauration;Histoire
184535;Joseph_Priestley;Science Histoire Culture&Religion
3577481;Proculus_(usurpateur);Histoire
15719;Programme_Apollo;Science Histoire
13670671;Projet_de_réformes_en_Arménie_ottomane;Histoire
3943915;Prost_AP03;Histoire Sport
577589;Prostitution_dans_la_Grèce_antique;Histoire
1016469;Protagonistes_de_la_guerre_israélo-arabe_de_1948;Histoire
577440;Les_Provinciales;Histoire Culture&Religion
5725529;Puits_Arthur-de-Buyer;Histoire
5896077;Puits_des_houillères_de_Ronchamp;Histoire
5790788;Puits_du_Magny;Histoire
5918282;Puits_Notre-Dame;Histoire
5918261;Puits_Saint-Charles;Histoire
5727576;Puits_Sainte-Marie;Histoire
18461;Pulp_Fiction;Histoire
181132;Putsch_de_la_Brasserie;Histoire
11396609;Quintette_pour_piano_et_cordes_(Vierne);Histoire
26256;Le_Radeau_de_La_Méduse;Art&Loisir Histoire
615066;Radhanites;Histoire Culture&Religion
26770;Jean-Philippe_Rameau;Histoire
713763;Ramones_(album);Histoire
13572639;Réforme_orthographique_chilienne;Histoire
3077540;Réformes_prussiennes;Histoire
3905891;Renaissance_carolingienne;Art&Loisir Histoire
9822052;Renaissance_florentine_dans_les_arts_figuratifs;Art&Loisir Histoire
1149099;Renaissance_ottonienne;Histoire
4012881;Représentation_de_l'Angleterre_georgienne_chez_Jane_Austen;Histoire
7702160;Républicains_français_sous_la_Restauration;Histoire
481947;République_romaine_(1849);Histoire Culture&Religion
12270504;Retable_de_la_chapelle_de_l'Immaculée_Conception;Art&Loisir Histoire Culture&Religion
32870;Révolution_américaine;Histoire
1417137;Révolution_de_Mars;Histoire
2596;Rhétorique;Histoire
1052549;Rhinocéros_de_Dürer;Art&Loisir Science Histoire
13532681;Rhinocéros_de_Louis_XV;Science Histoire
20019;Richard_II;Histoire
4554448;Charles-François_Richard;Histoire
37436;Louis_Riel;Histoire
79549;Hyacinthe_Rigaud;Art&Loisir Histoire
13165860;Hilda_Rix_Nicholas;Art&Loisir Histoire
64407;Robert_II_le_Pieux;Histoire
14690569;Louis_Marc_Antoine_Robillard_d'Argentelle;Art&Loisir Science Histoire
457041;Robin_des_Bois_(film,_1973);Art&Loisir Histoire
3977192;Le_Roi_et_l'Oiseau;Art&Loisir Histoire
282522;Romain_IV_Diogène;Histoire
5215011;Le_Roman_de_la_Rose_(Jean_Renart);Histoire
12399;Franklin_Delano_Roosevelt;Histoire
2748110;Bernd_Rosemeyer;Histoire Sport
2620642;Rostom_(roi_de_Karthli);Histoire
1607;Jean-Jacques_Rousseau;Art&Loisir Science Histoire Culture&Religion
8464365;Lady_Roxana_ou_l'Heureuse_Catin;Histoire
5723210;Royaume_des_Beni_Abbès;Histoire
5080544;Saint_Jérôme_écrivant_(Le_Caravage,_La_Valette);Art&Loisir Histoire Culture&Religion
15868;Saint-Empire_romain_germanique;Histoire
10958515;Sainte_Anne_trinitaire;Art&Loisir Histoire Culture&Religion
13423344;Sainte_Anne,_la_Vierge_et_l'Enfant_Jésus_(carton);Art&Loisir Histoire Culture&Religion
1374007;Sainte_Anne,_la_Vierge_et_l'Enfant_Jésus_jouant_avec_un_agneau;Art&Loisir Histoire
2442700;Sainte_Anne,_la_Vierge,_l'Enfant_Jésus_et_saint_Jean-Baptiste_enfant;Art&Loisir Histoire Culture&Religion
6428437;Saison_1948-1949_des_Sports_réunis_Colmar;Histoire Sport
3797604;Saison_1978-1979_du_Racing_Club_de_Strasbourg;Histoire Sport
6915810;Saison_2006-2007_des_Ducks_d'Anaheim;Histoire Sport
4780355;Saison_2007-2008_des_Celtics_de_Boston;Histoire Sport
10356262;Les_Saisons_(James_Thomson);Histoire
2685132;María_Jesús_San_Segundo;Histoire
8131865;Sandstorm;Histoire
712698;Marco_Sanudo;Histoire
5412936;Satires_(Horace);Histoire
96702;Satyricon;Histoire
4790884;Saya_no_uta;Histoire
25163;Scandale_du_Watergate;Histoire
108829;Le_Sceptre_d'Ottokar;Histoire
255401;Egon_Schiele;Art&Loisir Histoire
14160984;Science_et_ingénierie_de_Léonard_de_Vinci;Science Histoire
5441901;Richard_Seaman;Histoire Sport
10133775;Sega_v._Accolade;Histoire
93840;Monica_Seles;Histoire Sport
66130;Séleucides;Histoire
801665;Époque_Sengoku;Histoire
74534;Sense_and_Sensibility;Histoire
6160655;Sept_haï-kaïs;Histoire
113565;Les_Sept_Samouraïs;Histoire
280882;Jean_Mathieu_Philibert_Sérurier;Histoire
12116268;Session_du_Conseil_d'État;Art&Loisir Histoire
2747;Seth;Histoire Culture&Religion
60650;William_Tecumseh_Sherman;Histoire
5526290;Siège_de_Lorient;Histoire
741628;Siège_de_Missolonghi;Histoire
1415204;Battling_Siki;Histoire Sport
5938203;Simtek_S941;Histoire Sport
5565209;Simtek_S951;Histoire Sport
983446;Edward_Smith;Histoire
2631953;Site_archéologique_de_Carthage;Histoire
4028939;Smells_Like_Teen_Spirit;Histoire
15681;Adam_Smith;Histoire
916776;Bataille_de_Smolensk_(1943);Histoire
1824015;Sokol_(mouvement_tchèque);Histoire Sport
1765957;Sonates_du_Rosaire;Histoire Culture&Religion
648629;Sophie_de_Prusse;Histoire
4964413;Le_Souper_à_Emmaüs_(Le_Caravage,_Milan);Art&Loisir Histoire
484122;Chaïm_Soutine;Art&Loisir Histoire Culture&Religion
5618642;Special_Night_Squads;Histoire
1356132;Opération_Spring;Histoire
7570945;Statuette_de_Ganymède;Art&Loisir Histoire Culture&Religion
3081984;William_Thomas_Stead;Histoire
1777112;Heinrich_Friedrich_Karl_vom_Stein;Histoire
68323;Gustav_Stresemann;Histoire
4576675;Studios_Disney_de_1950_à_1973;Art&Loisir Histoire
1167687;Suite_française_(roman);Histoire
4247612;Sumer;Histoire
780812;Super_Aguri_SA05;Histoire Sport
3519613;Super_Aguri_SA06;Histoire Sport
205497;Sur_écoute;Histoire
3226243;Embuscade_d'Uzbin;Histoire
5480586;Bataille_de_Svolder;Histoire
4332865;Seconde_bataille_de_Swat;Histoire
20497;Symbolisme_(art);Art&Loisir Histoire
1400878;Synagogue_de_Doura_Europos;Art&Loisir Histoire Culture&Religion
22433;Charles-Maurice_de_Talleyrand-Périgord;Histoire
3958044;Teka-her;Histoire
5742936;Les_Temps_difficiles;Histoire
690690;Tennis_for_Two;Histoire Sport
6799941;Tentative_d'assassinat_de_Ronald_Reagan;Histoire
5878807;Ellen_Ternan;Art&Loisir Histoire
11674831;Tête_de_jeune_femme_(Léonard_de_Vinci,_Turin);Art&Loisir Histoire Culture&Religion
124991;Tetris;Histoire
7331;Thalès;Science Histoire
2974657;Théâtre_anatomique;Art&Loisir Science Histoire
5387607;Théâtre_de_la_Reine;Art&Loisir Histoire
170866;Thelma_et_Louise;Histoire
13916703;Nicolas_Théobald;Science Histoire
384343;Théodore_II_Lascaris;Histoire
795474;Téwodros_II;Histoire
1248427;Théorie_des_équations_(histoire_des_sciences);Science Histoire
32897;Thérèse_de_Lisieux;Histoire Culture&Religion
8964580;Thermes_gallo-romains_de_Tours;Histoire
683310;Les_Thibault;Histoire
6889;Henry_David_Thoreau;Science Histoire
47556;Timée_(Platon);Histoire
108813;Tintin_au_Congo;Histoire
45898;Titanic;Histoire
119698;Titanic_(film,_1997);Histoire
2297;Titulature_royale_dans_l'Égypte_antique;Histoire
721801;Václav_Jan_Tomášek;Histoire
4003700;Tournée_de_l'équipe_de_Nouvelle-Zélande_de_rugby_à_XV_en_1905-1906;Histoire Sport
358159;Bataille_de_Towton;Histoire
134171;Toy_Story;Art&Loisir Histoire
14141098;Tractatus_de_herbis;Art&Loisir Science Histoire
7957871;La_tragedia_del_silencio;Histoire
7421589;Traité_d'instrumentation_et_d'orchestration;Histoire
22300;Trajan;Histoire
139482;Les_Très_Riches_Heures_du_duc_de_Berry;Art&Loisir Histoire
855373;Trésor_national_(Japon);Histoire Culture&Religion
6498925;Château_du_Petit_Trianon;Histoire
230861;Trière;Histoire
2223809;Siège_de_Tripolizza;Histoire
65725;Trois_Glorieuses;Histoire
590693;Bryan_Trottier;Histoire Sport
1620767;Le_Trou_noir;Histoire
77442;Ukiyo-e;Art&Loisir Histoire
3126203;Ulysse_(poème);Histoire
43200;Un_chant_de_Noël;Art&Loisir Histoire Culture&Religion
52473;Un_jour_sans_fin;Science Histoire
13992498;Adélaïde_Valentin;Histoire
905726;Vincent-Marie_Viénot_de_Vaublanc;Histoire
3650123;Veillantif;Histoire Culture&Religion
10884;Diego_Vélasquez;Art&Loisir Histoire
1255121;Théophane_Vénard;Histoire Culture&Religion
406818;Elefthérios_Venizélos;Histoire
4810372;Vêpres_grecques;Histoire
3059322;Bataille_de_la_crête_de_Verrières;Histoire
175590;Amerigo_Vespucci;Histoire
782582;Victoria_du_Royaume-Uni_(1840-1901);Histoire
9319176;La_Vie_sur_le_Mississippi;Histoire
246309;Phare_de_la_Vieille;Histoire
1373978;La_Vierge_aux_rochers;Art&Loisir Histoire Culture&Religion
4869505;Vies_parallèles;Histoire
234273;François_Viète;Science Histoire Culture&Religion
15314;François_Villon;Histoire
42825;Antonio_Vivaldi;Histoire Culture&Religion
3168;Volapük;Histoire
8096;Le_Voyage_de_Chihiro;Histoire
7911499;Voyages_à_travers_la_France_et_l'Italie;Histoire
783868;Walden_ou_la_Vie_dans_les_bois;Histoire
46040;The_Wall;Histoire
163778;Alfred_Russel_Wallace;Science Histoire
14853263;Wallis-et-Futuna_pendant_la_Seconde_Guerre_mondiale;Histoire
348128;Wanderers_Football_Club;Histoire Sport
748465;Françoise-Louise_de_Warens;Histoire
11153189;Winesburg-en-Ohio;Histoire
2702496;Wish_You_Were_Here_(album);Histoire
698228;The_Works_(album_de_Queen);Histoire
2030513;Maurice_Yaméogo;Histoire
641022;Yellow_Submarine_(album);Art&Loisir Histoire
795536;Yohannes_IV;Histoire
1119490;Fulbert_Youlou;Histoire
216909;Zhou_Enlai;Histoire
5741917;Émile_Zola;Histoire
341936;(136108)_Hauméa;Science
341954;(136199)_Éris;Science
343094;(136472)_Makémaké;Science
4293975;Parc_national_d'Abisko;Science
1415801;Acanthaster_planci;Science
1075399;Aiguillat_noir;Science
109936;Ailanthus_altissima;Science
287881;Algorithme_de_colonies_de_fourmis;Science
382108;American_curl;Science
317;Amplificateur_électronique;Science
33439;Amplificateur_opérationnel;Science
147083;Anglo-arabe_français;Science Sport
548052;Anneaux_d'Uranus;Science
1766971;Appareillage_électrique_à_haute_tension;Science
7824119;Aquilonastra_conandae;Science
6604297;Ara_autocthones;Science
354491;Arabe_(cheval);Science
1183375;Ardennais_(cheval);Science
74508;Ariel_(lune);Science
1866193;Arithmétique_modulaire;Science
392869;Ase_fétide;Science
433924;Aspergillome;Science
804047;Astroblème_de_Rochechouart-Chassenon;Science
9812677;Autisme_en_France;Science
10101628;Autisme_savant;Science
135768;Autostabilisation;Science
3512471;Auxois_(cheval);Science
372856;Avocette_élégante;Science
70117;Baleine_bleue;Science
4169246;Banksia_aemula;Science
5166631;Banksia_attenuata;Science
1187499;Banksia_integrifolia;Science
2936750;Bardot_(équidé);Science
252560;Beagle;Science
804460;Béarnaise_(race_bovine);Science
7225;Benzène;Science
3584984;Bicolore_(robe_de_chat);Science
420037;Bivalvia;Science
1211492;Boulonnais_(cheval);Science
1549392;Brachyptérolle_à_longue_queue;Science
1046576;Breton_(cheval);Science
171562;Grand_cachalot;Science
62760;Callisto_(lune);Science
232015;Camargue_(cheval);Science
5358562;Chantilly_(chat);Science
1415685;Cassican_flûteur;Science
65473;Cassini-Huygens;Science
25051;Ceinture_de_Kuiper;Science
40662;Cephalanthera_longifolia;Science
24921;(1)_Cérès;Science
14301295;Cétacés_de_Méditerranée;Science Art&Loisir
77390;Charolaise;Science
3015674;Chat_à_pieds_noirs;Science
1127103;Chat_bai;Science
4972165;Chat_d'Iriomote;Science
1854403;Chat_de_Biet;Science
3102625;Chat_de_Temminck;Science
392461;Chat_marbré;Science
3660531;Cheval_d'Auvergne;Science
5697092;Cheval_de_Corlay;Science Sport
4349767;Cheval_du_Morvan;Science
1741922;Cheval_du_Vercors_de_Barraquand;Science
4381230;Cheval_limousin;Science
6394306;Cheval_lorrain;Science
237918;Chinchilla;Science
222392;Cigogne_blanche;Science
1232616;Classes_de_fonctionnement_d'un_amplificateur_électronique;Science
1024373;Cob_normand;Science
10457311;Colilodion_schulzi;Science
1158301;Comtois_(cheval);Science
10021143;Controverse_sur_le_rôle_de_la_vaccination_dans_l'autisme;Science
4285320;Corne_de_licorne;Science Culture&Religion
467217;Crave_à_bec_rouge;Science
165509;Crocodilia;Science
4532988;Cuisine_de_la_pomme_de_terre;Science
3756204;Cycle_de_vie_du_tigre;Science
3209314;Cyclura_carinata;Science
1579509;Déclin_des_populations_d'amphibiens;Science
6221508;Détresse_respiratoire;Science
14389838;Diptychophora_galvani;Science
2883308;Discoglossus_sardus;Science
487997;Disjoncteur_à_haute_tension;Science
1060;Domestication;Science
1434344;Domestication_du_cheval;Science
1208948;Dryopsophus_aureus;Science
873007;Échelle_de_Kardachev;Science
6716;Électron;Science
339826;Éléphant_de_mer_du_sud;Science
897014;Élevage_de_crevettes;Science
3712947;Élevage_du_cheval_en_France;Science
10065262;Empathie_des_personnes_autistes;Science
63467;Encelade_(lune);Science
130490;Endomètre;Science
454693;Engoulevent_d'Europe;Science
183203;Épervier_d'Europe;Science
11862;Équation;Science
143299;Milton_Erickson;Science
13621721;Espace_à_quatre_dimensions;Science
24958;Europe_(lune);Science
114703;European_shorthair;Science
171294;Faucon_pèlerin;Science
1344452;Faune_de_l'Australie;Science
3338411;Faune_de_l'Écosse;Science
1459287;Faune_de_Porto_Rico;Science
9616350;Ferme_de_la_Briche;Science
5353559;Foreign_white;Science
1371939;Fossa_(animal);Science
364240;Franches-Montagnes_(cheval);Science
4389896;Francolin_somali;Science
2616263;Parc_national_de_Fulufjället;Science
24630;Ganymède_(lune);Science
52688;Grand_Géocoucou;Science
94446;Géométrie_hyperbolique;Science
307574;Glaucus_atlanticus;Science
191735;Goéland_argenté;Science
134398;Grand_Pingouin;Science
349896;Grimpereau_des_bois;Science
11434895;Grotte_de_Vogelherd;Science
528499;Guigna;Science
11432801;Guyanancistrus_nassauensis;Science
149177;Haflinger;Science
5581837;Parc_national_de_Hamra;Science
118651;Haut_fourneau;Science
8034254;Hipposideros_besaoka;Science
199397;Hirondelle_rustique;Science
3241265;Histoire_de_l'École_supérieure_de_physique_et_de_chimie_industrielles_de_la_ville_de_Paris;Science
4078823;Histoire_du_procédé_Haber-Bosch;Science
5491191;Histoire_évolutive_des_lémuriformes;Science
1483;Homme_de_Néandertal;Science
66977;Hydro-Québec;Science
1124381;Hypothèse_du_zoo;Science
18698;Hypothèse_Gaïa;Science
163767;Iguana_iguana;Science
1576;Io_(lune);Science
354914;Syndrome_d'irradiation_aiguë;Science
1422578;Ouragan_Isabel;Science
2755;Steve_Jobs;Science
586122;David_Johnston_(volcanologue);Science
994145;Ouragan_Juan;Science
13428;Jupiter_(planète);Science
2006332;Korat;Science
5574364;Parc_national_de_Kosterhavet;Science
2924632;Lac_Lalolalo;Science
732330;Landais_(cheval);Science
8089;Lapin_domestique;Science
127227;Limousine_(race_bovine);Science
5862;Lion;Science
931802;Loutre_de_mer;Science
247685;Loutre_géante;Science
1893;Lune;Science
14927;Lynx;Science
96422;Lynx_roux;Science
4344023;Alphonse_Maeder;Science
223483;Magnétisme_animal;Science
4447718;Magnétosphère_de_Jupiter;Science
87154;Manchot_empereur;Science
1222320;Matamata;Science
9998888;Match_AlphaGo_-_Lee_Sedol;Science
93838;Mau_égyptien;Science
67796;Méduse_(mythologie);Science Culture&Religion
3623779;Méliphage_à_croissants;Science
1964362;Méliphage_à_oreillons_bleus;Science
4916;Mercure_(planète);Science
2992717;Mercurey_(AOC);Science
148688;Mérens_(cheval);Science
1432592;Mérion_superbe;Science
66647;Miranda_(lune);Science
4396035;Miro_à_front_rouge;Science
4941517;Moineau_des_saxaouls;Science
4941538;Moineau_rutilant;Science
390645;Monnaie_de_pierre;Science
226203;Morse_(animal);Science
10864226;Mortalité_des_personnes_autistes;Science
117132;Moteur_Wankel;Science Sport
53021;Motoneige;Science Sport
85156;Mucoviscidose;Science
5581824;Parc_national_de_Muddus;Science
4164334;Mule_poitevine;Science
10539751;Mycena_aurantiomarginata;Science
5609890;Myotis_alcathoe;Science
12387521;Myotis_crypticus;Science
7086;Naine_blanche;Science
165282;Natrix_natrix;Science
1335752;Négation_(linguistique);Science
13943;Neptune_(planète);Science
921975;New_Forest_(cheval);Science
3512499;Nivernais_(cheval);Science
2223542;Ouragan_Noel;Science
13732135;NScripter;Science
54420;Obéron_(lune);Science
9127;Oiseau;Science
13786031;Orlaya_grandiflora;Science
4395542;Parc_national_de_Padjelanta;Science
7634515;Palaegithalus_cuvieri;Science
272239;Panthère_nébuleuse;Science
242485;Paracétamol;Science
64929;Paradoxe_de_Fermi;Science
445155;Parasaurolophus;Science
4369193;Parcs_nationaux_de_Suède;Science
115133;Percheron;Science
59080;Persan_(chat);Science
3535267;Pétrel_de_Madère;Science
1143221;Phyllobates_aurotaenia;Science
1143214;Phyllobates_bicolor;Science
1143217;Phyllobates_terribilis;Science
1035474;Pic_de_Guadeloupe;Science
3431731;Picatharte_de_Guinée;Science
3488410;Picotelle_à_gorge_blanche;Science
3502225;Pie-grièche_masquée;Science
4254142;Pigeon_trocaz;Science
5382792;Piliocolobus_kirkii;Science
972891;Planète_naine;Science
7700934;Plecotus_macrobullaris;Science
915245;Pluie_d'animaux;Science
2503;Pluton_(planète_naine);Science
59384;Pois_cultivé;Science
159368;Poisson-clown;Science
1611202;Poitevin_mulassier;Science
349427;Pouillot_véloce;Science
857895;Problème_du_sac_à_dos;Science
4826360;Procédé_Bessemer;Science
8104626;Procédé_Krupp-Renn;Science
6899409;Procédé_Manhès-David;Science
6470691;Procédé_Thomas;Science
47858;Puddlage;Science
495039;Pur-sang;Science Sport
113543;Pyrénées_(race_caprine);Science
5565167;Râle_atlantis;Science
36240;Râle_d'eau;Science
3521065;Râle_de_Platen;Science
1394325;Râle_des_prés;Science
5569905;Râle_de_Wallace;Science
5030544;Râle_de_Zapata;Science
17520;Srinivasa_Ramanujan;Science
7435870;Ramaria_botrytis;Science
1510528;Renard_roux;Science
2659;Reptile;Science
1271241;Requin_balestrine;Science
1273707;Requin_bécune;Science
307102;Requin_cuivre;Science
327136;Requin_gris_de_récif;Science
1271279;Requin_soyeux;Science
1273765;Requin-citron_faucille;Science
1273242;Requin-lézard;Science
349087;Rhinella_marina;Science
392920;Rhinocéros_de_Sumatra;Science
783093;Rhipidure_hochequeue;Science
2477938;Adrien_Romain;Science
236897;Rorqual_boréal;Science
22535;Bertrand_Russell;Science Culture&Religion
352599;Santamartamys_rufodorsalis;Science
14509305;Santé_aux_États_fédérés_de_Micronésie;Science
90522;Satellites_galiléens;Science
24508;Saturn_V;Science
2874;Saturne_(planète);Science
5030537;Scaphirhynchus_albus;Science
996187;Shark_finning;Science
255412;Sifaka;Science
7407233;Sittelle_de_Przewalski;Science
374587;Sitta;Science
7442737;Sittelle_bleue;Science
372408;Sittelle_corse;Science
4593504;Sittelle_de_Chine;Science
7366602;Sittelle_de_Sibérie;Science
2767128;Sittelle_kabyle;Science
7126761;Sittelle_superbe;Science
7442968;Sittelle_géante;Science
6917384;Sittelle_du_Yunnan;Science
5581856;Parc_national_de_Skuleskogen;Science
301267;SN_1054;Science
5028458;Parc_national_de_Söderåsen;Science
571017;Sphaerodactylus_parthenopion;Science
241354;Sphère_de_Dyson;Science
680155;Spinosaurus;Science
863986;Squalelet_féroce;Science
1890856;Stegobium_paniceum;Science Culture&Religion
10101899;Sténose_trachéale;Science
337422;Sterne_arctique;Science
872786;Sterne_huppée;Science
483333;Substitution_électrophile_aromatique;Science
82614;Syndrome_d'Asperger;Science
917893;Syndrome_d'épuisement_professionnel;Science
2768;Système_électoral;Science
1769188;Système_solaire;Science
1310794;Tadorne_de_Corée;Science
4856243;Taupe_d'Europe;Science
6574584;Taurillon_mésange;Science
1873594;Tension_transitoire_de_rétablissement;Science
5807231;Théorème_de_Robertson-Seymour;Science
103153;Thermoélectricité;Science
202145;Thylacine;Science
2981714;Thymome;Science
222177;Massif_du_Tibesti;Science
131667;Tigre_de_Java;Science
32932;Titan_(lune);Science
66639;Titania_(lune);Science
108880;Tornade;Science
4657760;Tortue_de_Muhlenberg;Science
306916;Tortue_imbriquée;Science
158582;Tortue_luth;Science
257868;Tortue_peinte;Science
4835052;Trachylepis_atlantica;Science
664310;Trait_du_Nord;Science
8017659;Triaenops_goodmani;Science
8011592;Triaenops_menamena;Science
7674930;Tricholoma_pardinum;Science
1181408;Tricholome_prétentieux;Science
11569501;Trompe_hydraulique;Science
10304300;Tumeur_fibreuse_solitaire;Science
5576546;Parc_national_de_Tyresta;Science
74511;Umbriel_(lune);Science
3096;Uranus_(planète);Science
3163;Vénus_(planète);Science
237675;Vin_blanc;Science
6267310;Réserve_naturelle_de_Vindelfjällen;Science
3675378;Vinho_verde;Science
1512521;Welsh_cob;Science Sport
30349;Alfred_North_Whitehead;Science Culture&Religion
10267261;6_Heures_du_Castellet_2011;Sport
1019250;Troy_Aikman;Sport
123859;Amiens_Sporting_Club;Sport
1167469;Andrea_Moda_Formula;Sport
9369005;Andrea_Moda_S921;Sport
20949;Jacques_Anquetil;Sport
3947896;Arsenal_Football_Club;Sport
5158035;Aston_Martin_AMR-One;Sport
6152;Athlétisme;Sport
392259;Red_Auerbach;Sport
462641;Christophe_Auguin;Sport
1279672;Union_sportive_Avranches_Mont-Saint-Michel;Sport
86482;Baseball;Sport
269741;Jean_Béliveau;Sport
211733;Paolo_Bettini;Sport
1523976;Jules_Bianchi;Sport
1924547;Len_Bias;Sport
232155;Larry_Bird;Sport
607801;Brabham_Racing_Organisation;Sport
74055;Jack_Brabham;Sport
3685559;Brawn_GP_Formula_One_Team;Sport
139719;Bruins_de_Boston;Sport
2499965;Rudolf_Caracciola;Sport
162940;Celtic_Football_Club;Sport
203062;Eugène_Christophe;Sport
108267;Concours_complet_d'équitation;Sport
20945;Fausto_Coppi;Sport
130131;Coupe_des_confédérations;Sport
27483;Coupe_du_monde_de_rugby_à_XV;Sport
246827;Pedro_de_la_Rosa;Sport
6483532;Derby_de_Munich;Sport
541543;Claude_Dourthe;Sport
1026954;John_Elway;Sport
4294421;Encadrement_technique_du_Racing_Club_de_Strasbourg;Sport
4770249;Encadrement_technique_du_Stade_rennais_FC;Sport
1697310;Équipe_d'Afrique_du_Sud_de_rugby_à_XV;Sport
187450;Équipe_d'Angleterre_de_rugby_à_XV;Sport
145710;Équipe_d'Australie_de_rugby_à_XV;Sport
187303;Équipe_de_France_de_rugby_à_XV;Sport
96793;Équipe_de_Hongrie_de_football;Sport
327617;Équipe_de_Jamaïque_de_football;Sport
145702;Équipe_de_Nouvelle-Zélande_de_rugby_à_XV;Sport
187468;Équipe_du_pays_de_Galles_de_rugby_à_XV;Sport
7990127;Équitation_en_Bretagne;Sport
1079;Escalade;Sport
1160370;Eurobrun_Racing;Sport
20942;François_Faber;Sport
2018928;FC_Barcelone_(football);Sport
1067035;Fédération_gymnastique_et_sportive_des_patronages_de_France;Culture&Religion Sport
4437160;Fédération_sportive_et_culturelle_de_France;Culture&Religion Sport
2480198;Football;Sport
6240388;Football_Club_de_Colmar;Sport
169394;Football_Club_de_Mulhouse;Sport
88136;Football_Club_de_Nantes;Sport
2483658;Football_Club_de_Rouen_1899;Sport
348440;Peter_Forsberg;Sport
818905;Ronald_Francis;Sport
3551297;Frank_Fredrickson;Sport
890131;Arthur_Gould;Sport
5598583;Grand_Prix_automobile_d'Allemagne_2011;Sport
5308457;Grand_Prix_automobile_d'Australie_2011;Sport
5544639;Grand_Prix_automobile_d'Europe_2011;Sport
5816547;Grand_Prix_automobile_d'Inde_2011;Sport
5711431;Grand_Prix_automobile_d'Italie_2011;Sport
5637945;Grand_Prix_automobile_de_Belgique_2011;Sport
5322768;Grand_Prix_automobile_de_Chine_2011;Sport
5578274;Grand_Prix_automobile_de_Grande-Bretagne_2011;Sport
10052223;Grand_Prix_automobile_de_Grande-Bretagne_2016;Sport
10055753;Grand_Prix_automobile_de_Hongrie_2016;Sport
5322744;Grand_Prix_automobile_de_Malaisie_2011;Sport
5413640;Grand_Prix_automobile_de_Monaco_2011;Sport
5733126;Grand_Prix_automobile_de_Singapour_2011;Sport
5413631;Grand_Prix_automobile_d'Espagne_2011;Sport
5881670;Grand_Prix_automobile_du_Brésil_2011;Sport
5515838;Grand_Prix_automobile_du_Canada_2011;Sport
9225531;Hello_Sanctos;Sport
278909;Damon_Hill;Sport
22888;Bernard_Hinault;Sport
12814643;Honda_RA099;Sport
12802669;Honda_RC100;Sport
305018;Colin_Jackson;Sport
9750646;Jeux_de_la_Micronésie_de_2014;Sport
10463640;Jeux_de_la_Micronésie_de_2018;Sport
210948;Michael_Johnson;Sport
695971;Jari_Kurri;Sport
203074;Octave_Lapize;Sport
122042;Mario_Lemieux;Sport
1609004;Life_Racing_Engines;Sport
559385;Ligue_américaine_de_hockey;Sport
60093;Ligue_nationale_de_hockey;Sport
111817;Liverpool_Football_Club;Sport
1283918;Sébastien_Loeb;Sport
104405;LOSC_Lille;Sport
6279116;Luxembourg_aux_Jeux_olympiques_d'été_de_2012;Sport
262364;Yves_du_Manoir;Sport
13212626;Manor_MRT07;Sport
859266;Maroons_de_Montréal;Sport
12756834;Match_de_rugby_à_XV_Afrique_du_Sud_-_Japon_(2015);Sport
4793385;Match_Isner_-_Mahut_lors_du_tournoi_de_Wimbledon_2010;Sport
498633;Joe_Montana;Sport
186595;Montpellier_Hérault_rugby;Sport
409674;Howard_Morenz;Sport
1839041;Max_Mosley;Sport
257737;Charly_Mottet;Sport
93707;Tazio_Nuvolari;Sport
154322;Olympique_(football);Sport
5706831;Olympique_lillois_(football);Sport
436840;Paris_Football_Club;Sport
325743;Penguins_de_Pittsburgh;Sport
3405795;Émile_Pladner;Sport
469457;Laurent_Pokou;Sport
271740;Aleksandr_Popov;Sport
154296;Racing_Club_de_France_(football);Sport
162919;Racing_Club_de_Roubaix;Sport
62519;Racing_Club_de_Strasbourg_Alsace;Sport
154295;Red_Star_Football_Club;Sport
200280;Red_Wings_de_Détroit;Sport
4558151;Maurice_Richard;Sport
5157438;Rivalité_entre_les_Celtics_et_les_Lakers;Sport
324945;Roazhon_Park;Sport
256999;Jean_Robic;Sport
941638;Larry_Robinson;Sport
507810;Jackie_Robinson;Sport
272523;Bill_Russell;Sport
4800201;Saison_2010-2011_du_LOSC_Lille_Métropole;Sport
350145;Joseph_Sakic;Sport
2745682;Scuderia_Lancia;Sport
668325;Teemu_Selänne;Sport
12371;Ayrton_Senna;Sport
54106;Joseph_Siffert;Sport
6354268;Silvana_(cheval);Sport
790504;Simtek;Sport
181451;Sommets_des_Alpes_de_plus_de_4_000_mètres;Sport
265353;Sporting_Club_fivois;Sport
347338;Stade_athlétique_spinalien;Sport
148053;Stade_de_la_Meinau;Sport
134587;Stade_de_Reims;Sport
874235;Stade_Malherbe_Caen;Sport
459832;Stadium_Racing_Colmar;Sport
3437062;Bart_Starr;Sport
694977;Peter_Šťastný;Sport
5619481;Suisse_aux_Jeux_olympiques_d'été_de_2012;Sport
543105;Super_Aguri_Formula_1_Team;Sport
3948211;Supporters_du_Stade_rennais_FC;Sport
108272;Ian_Thorpe;Sport
3920521;TOCA_Touring_Car_Championship;Sport
63242;Tournoi_des_Six_Nations;Sport
6402521;Tournoi_féminin_de_basket-ball_aux_Jeux_olympiques_d'été_de_2012;Sport
5435369;Toyota_TF101;Sport
5159917;Achille_Varzi;Sport
2285656;Urbain_Wallet;Sport
151602;White_Rovers_Football_Club;Sport
861815;Wii_Sports;Sport
259751;Jonny_Wilkinson;Sport
559501;Stephen_Yzerman;Sport
901021;Ricardo_Zamora;Sport
4964405;L'Arrestation_du_Christ_(Le_Caravage);Art&Loisir Culture&Religion
28603;Kevin_Bacon;Art&Loisir
323397;Boléro_(Ravel);Art&Loisir
325243;Casa_Batlló;Art&Loisir
35740;Casa_Milà;Art&Loisir
565;Cinéma;Art&Loisir
3493971;Les_Cinquante-trois_Stations_du_Tōkaidō;Art&Loisir
4964423;La_Conversion_de_saint_Paul_(Le_Caravage);Art&Loisir Culture&Religion
811800;Dingo_(Disney);Art&Loisir
36274;Walt_Disney;Art&Loisir
1896852;Fase;Art&Loisir
823236;Marie_de_Hohenzollern-Sigmaringen;Art&Loisir
10052634;La_La_Land_(film);Art&Loisir
313510;Vivien_Leigh;Art&Loisir
49638;Lucky_Luke;Art&Loisir
2776568;Méduse_(Le_Caravage);Art&Loisir
56176;Joan_Miró;Art&Loisir
4964393;La_Mise_au_tombeau_(Le_Caravage);Art&Loisir Culture&Religion
50883;Mickey_Mouse;Art&Loisir
85400;Nô;Art&Loisir
229298;Gary_Oldman;Art&Loisir
2034172;Le_Petit_Bacchus_malade;Art&Loisir Culture&Religion
664582;La_Provinciale;Art&Loisir
619847;Représentation_figurée_dans_les_arts_de_l'Islam;Art&Loisir Culture&Religion
4964461;Le_Sacrifice_d'Isaac_(Le_Caravage,_Florence);Art&Loisir Culture&Religion
6323462;Sherlock_Holmes_(pièce_de_théâtre);Art&Loisir
261812;Silly_Symphonies;Art&Loisir
10154888;Tableaux_de_la_chapelle_Cerasi_(Caravage);Art&Loisir Culture&Religion
8659674;Tableaux_de_la_chapelle_Contarelli;Art&Loisir Culture&Religion
2814546;Les_Tricheurs_(Le_Caravage);Art&Loisir
2115678;The_Walt_Disney_Company;Art&Loisir
335123;Ducasse_d'Ath;Art&Loisir Culture&Religion
14585538;Katoaga;Art&Loisir Culture&Religion
11957966;Reversi_Champion;Art&Loisir
9384921;Soufflaculs_de_Nontron;Art&Loisir Culture&Religion
41586;Concours_Eurovision_de_la_chanson;Culture&Religion
681629;Culture_de_l'Écosse;Culture&Religion
924033;Culture_de_la_Tunisie;Culture&Religion
50448;Clint_Eastwood;Culture&Religion
1128;Festival_de_Cannes;Culture&Religion
4532368;Ours_dans_la_culture;Culture&Religion
4757006;Star_Wars;Culture&Religion
3503215;Symbolique_du_cheval;Culture&Religion
1597541;African_Hebrew_Israelites_of_Jerusalem;Culture&Religion
252114;Basilique_Notre-Dame-de-la-Garde;Culture&Religion
937306;Barthélemy_Boganda;Culture&Religion
3962122;Chapalu;Culture&Religion
94860;Fée;Culture&Religion
12431152;Hades_(jeu_vidéo);Culture&Religion
602458;Haredim;Culture&Religion
195351;Hippalectryon;Culture&Religion
4354489;Hrímfaxi_et_Skinfaxi;Culture&Religion
6119;Incube;Culture&Religion
4726454;Islam_à_Besançon;Culture&Religion
41794;Jean_de_la_Croix;Culture&Religion
115249;Juifs_éthiopiens;Culture&Religion
2686442;Theóphilos_Kaíris;Culture&Religion
1019581;Jack_Kerouac;Culture&Religion
4316952;Anna_Kingsford;Culture&Religion
13708;Léopold_Ier_(roi_des_Belges);Culture&Religion
383097;Lutin;Culture&Religion
812632;Joseph_Malègue;Culture&Religion
71439;Nain_(créature_fantastique);Culture&Religion
547773;Nation_of_Islam;Culture&Religion
592021;John_Henry_Newman;Culture&Religion
33680;Pégase;Culture&Religion
5783674;Polémique_autour_des_propos_de_John_Lennon_sur_Jésus-Christ;Culture&Religion
134316;Steve_Reich;Culture&Religion
242860;Rite_tridentin;Culture&Religion
150666;Samaritains;Culture&Religion
1999369;Sanctuaire_du_Bom_Jesus_de_Matosinhos;Culture&Religion
11448180;Mary_Martha_Sherwood;Culture&Religion
114414;Synagogue;Culture&Religion
2725777;Temple_du_Peuple;Culture&Religion
5489;Vampire;Culture&Religion
